331708	fra	Je rajoute une phrase d'exemple.	2019-01-12 19:39:42
331955	fra	J'espère que je ne serai plus malade la semaine prochaine.	2019-01-12 19:39:42
333358	fra	Alain me dit que ça ne marche pas, donc je teste pour savoir si ça marche.	2019-01-12 19:39:42
333372	fra	Je fais un autre test.	2019-01-12 19:39:42
333440	fra	L'homme que tu as vu hier est mon oncle.	2019-01-12 19:39:42
333441	fra	C'est l'homme dont les enfants sont si gentils.	2019-01-12 19:39:42
333444	fra	C'est l'aide dont nous avons besoin.	2019-01-12 19:39:42
333639	fra	Il a toujours de meilleures notes que moi bien qu'il travaille moins.	2019-01-12 19:39:42
333641	fra	Le film était ennuyeux ; le meilleur moment, c'était la fin.	2019-01-12 19:39:42
333644	fra	Je vais plus souvent à Bruxelles qu'à Paris.	2019-01-12 19:39:42
333863	fra	Quand j'étais petite, je ne portais que des pantalons.	2019-01-12 19:39:42
333865	fra	Appelle-moi dès que tu l'auras rencontré !	2019-01-12 19:39:42
333867	fra	C'est l'homme que je vois tous les jours dans le train.	2019-01-12 19:39:42
336394	fra	Comme quoi, c'est pas si facile...	2019-01-12 19:39:43
337416	fra	Je n'arrive pas à m'endormir.	2019-01-12 19:39:43
337964	fra	J'ai besoin de neuf heures de sommeil.	2019-01-12 19:39:43
337966	fra	Tu dors vraiment beaucoup !	2019-01-12 19:39:43
343332	fra	Qu'est-ce qui m'a pris de me lever à 5h du matin...	2019-01-12 19:39:43
345233	fra	Je suis allé me faire vacciner.	2019-01-12 19:39:43
346872	fra	J'ai un peu de temps, mais toujours pas beaucoup...	2019-01-12 19:39:43
348620	fra	C'est le bordel dans ma chambre.	2019-01-12 19:39:43
369315	fra	Trier vos emballages, c'est participer activement à la préservation de l'environnement.	2019-01-12 19:39:43
369316	fra	À consommer de préférence avant le 01/09/2010.	2019-01-12 19:39:43
369317	fra	Nous n'ajoutons aucun conservateur dans nos recettes pour vous offrir un goût intact.	2019-01-12 19:39:43
373171	fra	Cette crème adoucit, régénère et soulage les mains les plus sèches.	2019-01-12 19:39:43
373572	fra	Avez-vous une carte de fidélité ?	2019-01-12 19:39:43
373573	fra	C'est du pipeau tout ça.	2019-01-12 19:39:43
378664	fra	Pourquoi tant de haine ?	2019-01-12 19:39:43
387076	fra	De toutes façons, c'est toujours de ma faute.	2019-01-12 19:39:43
387079	fra	J'aurais mieux fait de m'exiler au sommet d'une montagne, et passer mes journées à faire pousser des bonzaïs et à écrire des kanjis à l'encre de Chine.	2019-01-12 19:39:43
387264	fra	C'est la misère.	2019-01-12 19:39:43
387265	fra	Je n'ai plus que du beurre dans mon frigo.	2019-01-12 19:39:43
387279	fra	Tu t'en sors ? Je peux t'aider si tu veux.	2019-01-12 19:39:43
785666	fra	Vous pouvez écrire dans la langue que vous voulez. Sur Tatoeba, toutes les langues sont égales.	2019-01-12 19:39:43
1590922	fra	« Et alors la marmotte, elle met le chocolat dans le papier d'alu. » - « Mais bien sûr ! »	2019-01-22 13:19:43
7028635	fra	Le premier instrument du génie d'un peuple, c'est sa langue.	2019-01-23 21:24:14
7054783	fra	Ce que femme veut, Dieu le veut.	2019-01-23 21:24:16
7055355	fra	Le temps, je sais ce que c'est… jusqu'à ce qu'on me le demande.	2019-01-23 21:24:16
7055688	fra	A l'impossible, nul n'est tenu.	2019-01-23 21:24:17
7057343	fra	Takfarinas a allumé Bougie.	2019-01-23 21:24:17
7061795	fra	Attention ! Les portes vont se fermer !	2019-11-26 15:18:43
7062166	fra	La pie niche haut, l'oie niche bas.	2019-01-23 21:24:18
7062184	fra	La coupe est pleine!	2019-01-23 21:24:18
7064515	fra	Mener les poules pisser et les ramener sans boire!	2019-01-23 21:24:19
7072462	fra	Le comble d'un dentiste est d'extraire des racines carrées.	2019-01-23 21:24:20
7072494	fra	L'âne au lac a bu l'eau.	2019-01-23 21:24:20
7072548	fra	La pie niche haut. L'oie niche bas.	2019-01-23 21:24:20
7085438	fra	Encore eût-il fallu que vous le sussiez!	2019-01-23 21:24:22
7098219	fra	Il a lâché la proie pour l'ombre.	2019-01-23 21:24:26
7104385	fra	Je partirai la semaine prochaine!	2019-01-23 21:24:27
7105944	fra	Poison, quand tu nous tiens!	2019-01-23 21:24:29
7106005	fra	Attends de vieillir pour farfouiller dans les boutons!	2019-01-23 21:24:29
7106227	fra	Ça ne sert à rien de farfouiller: il faut y aller!	2019-01-23 21:24:29
7106241	fra	Pourquoi s'en faire?	2019-01-23 21:24:29
7107751	fra	C'est toujours quand on n'a pas son parapluie qu'il se met à pleuvoir.	2019-01-23 21:24:29
7107926	fra	Il est vain de cueillir des figues avant qu'elles ne soient mûres.	2019-01-23 21:24:29
7108211	fra	Nous vivons dans un monde magnifique.	2019-01-23 21:24:29
7108265	fra	Nous vivons une belle époque.	2019-01-23 21:24:29
7108357	fra	A moissonner ne t'aventure, que la récolte ne soit mûre.	2019-01-23 21:24:29
7108609	fra	Elle est mal élevée: elle n'arrête pas de radoter.	2019-01-23 21:24:29
7108620	fra	Plus on vieillit, plus on entend dire des choses.	2019-01-23 21:24:29
7108628	fra	Ah, lui? ce n'est qu'un fanfaron!	2019-01-23 21:24:29
7108642	fra	Qui aurait pu se douter qu'on y arriverait?	2019-01-23 21:24:29
7108854	fra	Ecoutez voir!	2019-01-23 21:24:29
7115996	fra	Il n'y a aucune échappatoire.	2019-01-23 21:24:29
7116002	fra	C'est comme si on attendait la fée.	2019-01-23 21:24:30
7116049	fra	Personne n'aime personne!	2019-01-23 21:24:30
7116077	fra	Personne n'a pitié de personne.	2019-01-23 21:24:30
7116239	fra	Ça ne m'arrange pas.	2019-01-23 21:24:30
7116387	fra	Il a attrapé une indigestion en abusant de figues fraîches et de figues de Barbarie.	2019-01-23 21:24:30
7116692	fra	Le micocoulier donne des micocoules sucrés.	2019-01-23 21:24:30
7116701	fra	Les kabyles gardent encore des plats en bois de micocoulier.	2019-01-23 21:24:30
7119940	fra	Rien ne sert de fulminer; s'indigner suffirait.	2019-01-23 21:24:30
7120185	fra	C'est inéluctable: nous avons oublié nos légendes; nous les vivons en direct.	2019-01-23 21:24:30
7120626	fra	Pourquoi fulminer : ça ne nous fait que ruminer !	2019-01-23 21:24:30
7120627	fra	Pourquoi fulminer: ça ne fait que nous faire gaspiller notre énergie !	2019-01-23 21:24:30
7120739	fra	J'ai fait un rêve qui pourrait faire pleurer une pierre !	2019-01-23 21:24:30
7123766	fra	Ecarte-toi des lieux oú on parle trop fort ou trop bas.	2019-01-23 21:24:30
7125361	fra	Si haut que l'on soit assis, on n'est jamais que sur son derrière.	2019-01-23 21:24:30
7125436	fra	Qu'il pleuve ou qu'il vente, j'irai au champ!	2019-01-23 21:24:30
7125569	fra	Qu'il fasse la tête ou pas, il n'aura rien d'autre!	2019-01-23 21:24:30
7136018	fra	Le nom de la ville algérienne Tipaza vient de tafza, grès rouge.	2019-01-23 21:24:30
7158058	fra	La ville tunisienne Sfax, est nommée d'après Syphax (v. 250 – v. 202 av. J.-C.), dernier roi berbère Massaæsyle.	2019-01-23 21:24:30
7158779	fra	Mon cœur ne se résout pas à t'oublier.	2020-02-04 02:47:43
7158784	fra	Il est vrai que nous avons l'art de rater des occasions.	2019-01-23 21:24:31
7158787	fra	Ces masures-là ne sont ni habitées ni habitables.	2019-01-23 21:24:31
7163247	fra	Qui veut voyager loin, ménage sa monture.	2019-01-23 21:24:31
7163250	fra	Heureux qui, comme Ulysse, a fait un beau voyage!	2019-01-23 21:24:31
7163630	fra	Il jura, mais un peu tard, qu'on ne l'y prendrait plus!	2019-01-23 21:24:31
7166957	fra	Tu n'as qu'à l'aimer dès maintenant, pour que tu sois payé de retour.	2019-01-23 21:24:31
7169807	fra	Les goûts et les couleurs ne se discutent pas.	2019-01-23 21:24:31
7170214	fra	Un énorme taureau fonça sur lui.	2019-01-23 21:24:31
7187403	fra	Il y en a qui dédaignent la langue de bœuf car elle sort de la bouche d'un animal : ils préfèrent un œuf !	2019-03-03 19:21:33
7187453	fra	Va pour la diarrhée du choléra, c'est pitoyable. Mais la diarrhée verbeuse ...	2019-01-23 21:24:31
7200326	fra	Je suis meurtri: mon cœur est à plaindre d'avoir failli assister à la déperdition de notre culture.	2020-01-15 09:24:16
7201549	fra	Attention, s'il vous plaît ! Les portes vont se fermer !	2019-11-26 15:15:49
7201554	fra	A deux, chacun avec ses atouts, vous êtes imbattables.	2019-01-23 21:24:31
7204196	fra	Sois fou, sinon tu vas devenir dingue!	2019-01-23 21:24:31
7205003	fra	Si un problème a une solution, alors il est inutile de s'en inquiéter ; s'il n'en a pas, s'inquiéter n'y changera rien.	2019-01-23 21:24:32
7208243	fra	La faim lui a noué les intestins.	2019-01-23 21:24:32
7208244	fra	La faim lui a noué l'estomac.	2019-01-23 21:24:32
7208245	fra	La faim l'a tenaillé.	2019-01-23 21:24:32
7229238	fra	Laisse le tison s'attiser!	2019-01-23 21:24:32
7258106	fra	Celui qui ne sait pas d'où il vient ne peut espérer savoir où il va.	2019-01-23 21:24:33
7492435	fra	Il neige à gogo!	2019-01-23 21:24:35
7492440	fra	Il neige à flocons!	2019-01-23 21:24:35
7576920	fra	Il aura passé l'arme à gauche d'ici tout à l'heure.	2019-01-23 21:24:35
7843554	fra	Eh ben, tant mieux! Ce sera d'une pierre deux coups!	2019-04-09 18:09:30
7843775	fra	C'est bien pourquoi tu m'en diras tant.	2019-04-09 22:18:12
7843823	fra	C'est bien là que je n'en reviens pas.	2019-04-09 22:38:38
7848683	fra	On ne peut guère faire d'omelette sans casser des œufs.	2019-04-12 21:50:48
7852999	fra	Je ne crois pas que le frelon restitue le miel volé aux abeilles.	2019-04-15 12:20:31
7860350	fra	Le Kabyle de la montagne dit toujours: Si Dieu a besoin de moi, il me trouvera au champ.	2019-04-19 20:47:30
7881408	fra	Celui qui dira la vérité devra aller attacher l'âne.	2019-05-01 13:19:25
7888510	fra	Dès que le blé mûrit, l’âne chaque jour va le brouter.	2019-05-04 21:03:09
7888514	fra	Paul est allé chercher Paul, et voilà que lui aussi ne revient pas.	2019-05-04 21:03:40
8033388	fra	Tom est un beauf.	2019-07-08 15:01:09
8081255	fra	A un os qui se plaignait à un chien qui n'arrêtait pas de le ronger, ce dernier répondit: Eh ben, toi tu es tellement dur et moi, je n'ai rien d'autre à faire.	2019-07-28 22:09:47
8081290	fra	Un os dit à un chien: fais gaffe, je suis dur. Le chien lui répond: ça ne fait rien car moi, je n'ai rien d'autre à faire.	2019-07-28 22:26:25
8081305	fra	Sauter du coq à l'âne.	2019-07-28 22:33:57
8081329	fra	Passer du coq à l'âne.	2019-07-28 22:48:34
8081343	fra	Il est calme, voire poli, sinon sage.	2019-07-28 23:07:49
8081350	fra	Seul le coucou tient de son père.	2019-07-28 23:11:33
8081356	fra	Certains poissons suivent le cours de l'eau; d'autres vont à contre-courant. Entre les deux, il y a un gouffre.	2019-07-28 23:17:52
8081367	fra	Il n'y a aucune excuse au dénigrement.	2019-07-28 23:29:55
8081370	fra	Le dénigrement est inexcusable.	2019-07-28 23:32:11
8081371	fra	Le dénigrement est impardonnable.	2019-07-28 23:32:25
8082860	fra	Mieux vaut un chemin sans issue dont le trajet est généralement court, plutôt qu'un long parcours sinueux qui s'avérera être un calvaire.	2019-07-30 01:49:51
8089541	fra	Je viens de rencontrer quelqu'un aux cheveux ébouriffés ; on croirait qu'il s'est coiffé avec un pétard.	2019-08-04 00:47:12
8091103	fra	Ils sont venus en si grand nombre: tous, grands et petits.	2019-08-05 00:42:54
8107579	fra	Thomas Jefferson a dit : « Si tu es prêt à sacrifier un peu de liberté pour te sentir en sécurité, tu ne mérites ni l'une ni l'autre. »	2020-01-13 12:50:19
8108233	fra	Il m'a forcé à creuser la tombe de mon père et, en plus, il m'a piqué la pioche.	2019-08-15 18:20:23
8109648	fra	Quand un vieux monsieur perd les pédales et qu'il demande aux jeunes de le "faire sauter sur leurs genoux", c'est qu'il est en demande d'affection et fait voeu de retour à l'enfance.	2019-08-16 12:25:36
8111681	fra	Quand les kabyles se font assassiner par l'armée algérienne, les algériens sont content.	2019-08-17 14:32:54
8112578	fra	Le célèbre écrivain kabyle Mouloud Feraoun, lâchement assassiné par l'OAS en 1962, aurait dit : « C'est seulement lorsqu'on est un autre que l'on peut savoir qui l'on est. »	2020-01-02 09:19:45
8113088	fra	Qui se contente d'attendre risque de mourir de faim.	2019-08-17 22:57:59
8113099	fra	Qui ne fait que rêver des figues risque de ne trouver que des pépins dans son garde-manger.	2019-08-17 23:05:57
8113110	fra	Qui ne fait que bayer aux corneilles risque de crever de faim.	2019-08-17 23:12:35
8116778	fra	"Où est mon visage, ô miroir?", dit l'un; "Va donc regarder: peut-être est-il derrière!", lui répondit l'autre.	2019-08-19 21:56:51
8116928	fra	Un pantalon serré se dit aussi cintré. Collant s'il est étroit, moulé, pas seulement court. On dit aussi effilé, tiré, ajusté.	2019-08-20 02:18:29
8117659	fra	Certains l'aiment chaud, qu'ils disent. Peut-être parlent-ils du lait, ou alors du hérisson. Que croyez-vous que ce soit ?	2019-08-25 16:14:15
8118405	fra	L'État algérien ne respecte pas les droits de l'homme pourtant il a signé la charte.	2019-08-24 13:28:44
8119984	fra	Pourvu que l'esprit fraternel l'emporte sur les querelles. Sinon, les vilains sont reconnaissables à leurs propos insultants.	2019-08-21 17:39:51
8120047	fra	Tout ce qui est en train de se passer a été prédit par Muḥend-u-Yahya dans "Tixurdas n Saεid Weḥsen", si ce n'est plus. J'en mets ma main sur le feu.	2019-08-21 18:06:12
8120064	fra	On dit, en français et en latin: "Bienheureux les pauvres en esprit! - Beati pauperes spiritu!".	2019-08-21 18:23:39
8121218	fra	Je n'ai strictement rien compris.	2019-08-22 14:54:39
8121220	fra	Je n'ai strictement rien pigé.	2019-08-22 14:54:46
8121221	fra	Je n'ai absolument rien compris.	2019-08-22 14:58:27
8121226	fra	Je n'ai absolument rien vu.	2019-08-22 15:03:57
8124883	fra	À quoi bon chaparder ce qui revient aux autres ? C'est du vol. À moins de rattraper au vol un œuf dur comme ceux lancés dans une fête!	2020-01-15 19:13:16
8128148	fra	Qui ne se repent pas d'une faute en commet une autre.	2019-08-25 00:38:44
8128149	fra	Ne pas se repentir d'une faute en est une autre.	2019-08-25 00:39:14
8132783	fra	"La fin du monde n'est pas près d'arriver.", a dit Tite-Live.	2019-08-26 16:52:45
8133215	fra	«J'ai vu plus loin que les autres parce que je me suis juché sur les épaules de géants.», a dit Isaac Newton.	2019-08-26 19:44:35
8133216	fra	«J'ai vu plus loin que les autres parce que je me suis perché sur les épaules de géants.», a dit Isaac Newton.	2019-08-26 19:45:19
8133460	fra	Quand le sol cède, il peut arriver qu'on perde son froc.	2019-08-26 21:09:13
8139699	fra	C'est comme vous disiez : c'est sensationnel !	2019-08-28 20:57:20
8139706	fra	C'est comme vous disiez : c'est formidable !	2019-08-28 20:57:57
8139710	fra	C'est comme vous disiez : c'est génial !	2019-08-28 20:58:32
8139713	fra	C'est comme vous disiez : c'est grandiose !	2019-08-28 20:59:03
8139718	fra	C'est comme vous disiez : c'est impeccable !	2019-08-28 20:59:45
8143475	fra	Zut ! J'ai mal au cœur de voir mon identité s'effriter.	2019-09-02 02:03:36
8143476	fra	Mince ! J'ai mal au cœur de voir mon identité s'effriter.	2019-08-30 00:28:46
8143485	fra	Mince ! J'ai mal au cœur de voir mon identité s'étioler.	2019-08-30 00:46:22
8143486	fra	Mince ! J'ai mal au cœur de voir mon identité s'émietter.	2019-08-30 00:47:13
8148314	fra	Cette histoire m'a coûté les yeux de la tête.	2019-08-31 09:37:03
8148315	fra	Cette histoire m'a coûté un bras.	2019-08-31 09:37:10
8152065	fra	Je ne suis ni l'aile droite ni l'aile  gauche. Je suis l'oiseau.	2019-08-31 17:35:05
8153876	fra	Le reproche est comme le vent ; si on le voit, on le sent.	2019-08-31 21:11:21
8153886	fra	Le blâme ressemble au vent ; si on le voit, on le sent.	2019-08-31 21:12:00
8154258	fra	Le reproche ressemble au vent ; si on le voit, on le sent.	2019-08-31 21:35:52
8154953	fra	On ne peut empêcher le chien d'aboyer, encore moins le menteur de mentir.	2019-09-01 02:08:48
8155012	fra	Il apparaît de plus en plus que nous ne partageons pas la même planète.	2019-09-01 04:38:08
8158894	fra	Ne rajoute surtout pas des figues de Barbarie aux figues fraîches ! Sinon, tu t'en repentiras !	2019-09-02 11:28:14
8158907	fra	Ne mange surtout pas de figues de Barbarie en plus des figues fraîches ! Sinon, tu t'en repentiras !	2019-10-29 04:27:49
8164086	fra	Nous, on ne connaît pas celle-là, mon ami. Prière de nous l'expliquer !	2019-09-04 11:34:17
8164257	fra	Va donc lire, s'il te plaît, ce que m'écrit cet énergumène !	2019-09-04 12:43:11
8167959	fra	La raclée est une correction que subit quelqu'un et qu'il n'oubliera jamais.	2019-09-05 22:54:49
8167960	fra	La raclée est une déculottée que subit quelqu'un et qu'il n'oubliera jamais.	2019-09-05 22:55:32
8167962	fra	La raclée est une branlée que subit quelqu'un et qu'il n'oubliera jamais.	2019-09-05 22:56:05
8167963	fra	La raclée est un passage à tabac que subit quelqu'un et qu'il n'oubliera jamais.	2019-09-05 22:57:28
8167965	fra	Le passage à tabac est une branlée que quelqu'un subit et n'oubliera jamais.	2019-09-05 22:58:17
8174576	fra	Prive-le de paille, il oubliera l'avoine.	2019-09-08 22:37:39
8174716	fra	La colère vide l'âme de toutes ses ressources, de sorte qu'au fond paraît la lumière.	2019-09-08 23:20:49
8185436	fra	Va voir ailleurs, si j'y suis !	2019-09-14 00:06:31
8185439	fra	Va jouer au bilboquet !	2019-09-14 00:07:53
8195445	fra	Si on pouvait labourer rien que du regard, n'importe qui s'y mettrait.	2019-09-18 21:32:50
8195447	fra	Si le labour pouvait se faire rien que du regard, n'importe qui s'y mettrait.	2019-09-18 21:32:59
8196871	fra	Le temps est un grand maître ; le problème, c'est qu'il tue ses élèves.	2019-09-19 17:49:48
8202033	fra	Tu as beau leur faire de la lèche, ils vont te ramollir en te ratatinant le cerveau, voire te briser le cou.	2019-09-22 00:41:14
8202035	fra	Que tu les lèches ou non, ils vont te ramollir en te ratatinant le cerveau, sinon te briser le cou.	2019-09-22 00:41:41
8202926	fra	Écris-le-moi dans une phrase.	2019-09-22 14:05:04
8203646	fra	Si ce n'est plus, tout ce qui est en train de se passer a été prédit par Muḥend-u-Yahya dans "Tixurdas n Saεid Weḥsen". J'en mets ma main sur le feu.	2019-09-22 19:32:36
8203691	fra	Rendons hommage à MoḥYa, afin de ne pas oublier, lui qui nous écoute peut-être, puisqu'il vit jusqu'à présent à travers ses paroles, pour l'éternité.	2019-09-22 19:59:20
8203845	fra	Mange, sinon tu vas avoir faim !	2019-09-22 21:15:16
8204193	fra	Tu peux me croire ! Ça ne tourne pas rond depuis longtemps !	2019-09-23 02:49:34
8204216	fra	Tu parles ! Ça fait longtemps que rien ne va !	2019-09-23 03:16:49
8205241	fra	Il a vu que j'étais hors de moi.	2019-09-23 15:59:17
8205244	fra	Il vit que j'étais vraiment furieux.	2019-09-23 15:59:41
8206005	fra	J'étais en colère : je pétais les plombs !	2019-09-23 23:14:15
8206072	fra	Celui qui marche à reculons s'effondre.	2019-09-24 01:04:41
8208352	fra	Les gens flattent l'éléphant et piétinent la fourmi.	2019-09-24 22:33:35
8210709	fra	Quand quelqu'un est présent quand sa chèvre met bas, il en naît deux ; s'il est absent, elle n'en aura qu'un seul, mort-né.	2019-09-26 00:06:48
8211165	fra	L'ancien président français Jacques Chirac est mort, paix à son âme.	2019-09-26 10:19:35
8212523	fra	Un clou en chasse un autre, comme disent les anciens.	2019-09-26 20:48:31
8212526	fra	Un clou chasse l'autre, comme disent les vieux.	2019-09-26 20:48:45
8212553	fra	Quelle blague!  Croyez-vous qu'ils vont déposer les armes?  N'y pensez pas!	2019-09-26 20:58:04
8212556	fra	Ça alors ! Vous croyez comme ça qu'ils vont déposer les armes? Tu parles !	2019-09-26 20:58:19
8212557	fra	Dites donc ! Vous croyez comme ça qu'ils vont déposer les armes? Penses-tu !	2019-09-26 20:58:27
8212581	fra	Nos anciens ont dit: Si une discussion est brève, elle est profitable ; si elle perdure, elle est dommageable.	2019-09-26 21:07:48
8212583	fra	Nos anciens ont dit: Si une discussion est brève, elle sert; si elle dure, elle dégénère.	2019-09-26 21:08:17
8217826	fra	Le lion a dit: voilà que les mouches savent que je suis mal en point !	2019-09-29 00:59:24
8217833	fra	Je viens de faire une copie d'écran. Que ne faut-il pas faire !	2019-09-29 01:02:47
8218779	fra	Fiche-nous donc la paix avec ta tignass : va te coiffer !	2019-09-29 12:00:16
8220300	fra	La roquette dont ne voulait pas la vache, le bœuf s'en est délecté.	2019-09-29 22:37:28
8226371	fra	La Palice a dit : « Quelques minutes avant sa mort, il était encore vivant. »	2019-10-02 20:45:57
8226390	fra	Pourquoi un proverbe dit-il : « un coq étranger se fait becquer par tout le monde. » ?	2019-10-02 20:57:36
8226405	fra	Pourquoi donc un proverbe dit-il : « un coq étranger se fait becquer par tout le monde. » ?	2019-10-02 21:03:55
8226672	fra	Puisse-il ne nous arriver que des calamités ! Que soient épargnés ceux qui ne méritent pas de mauvais sorts !	2019-10-02 23:08:09
8227673	fra	C'est tout ce qu'a donné l'école sinistrée !	2019-10-03 13:07:50
8227944	fra	La treille vient aussi avec la courge, quand on l'arrache.	2019-10-03 14:33:47
8229013	fra	Quand les engrenages d'un moulin sont fichus, à quoi lui serviraient ses roues?	2019-10-03 19:03:07
8229168	fra	Quand un moulin est grippé, à quoi lui serviraient ses roues?	2019-10-03 19:31:25
8229373	fra	Les gens ont raison de dire qu'on ne prête qu'aux riches !	2019-10-03 20:41:58
8231739	fra	Il va laisser son nom, il restera à jamais, pour l'éternité.	2019-10-04 18:43:25
8231773	fra	Autrefois, on arrangeait les choses d'un simple regard ; maintenant, on n'y arrive pas même en guerroyant; ou c'est tout comme.	2019-10-04 18:56:11
8231802	fra	Toutefois, je ne faisais que supputer : de grandes tragédies ont lieu depuis toujours.	2019-10-04 19:04:16
8232034	fra	"Le lézard ose affronter l'hydre." c'est comme "Quelqu'un s'attaque à un frêne avec une faucille.", nous dit un de nos amis.	2019-10-04 19:47:59
8232174	fra	« “Le lézard ose affronter l'hydre” c'est comme “Quelqu'un s'attaque à une montagne avec une houe” », nous dit un autre de nos amis.	2019-10-28 06:28:51
8237498	fra	Qui est piqué par les guêpes se venge sur les sauterelles.	2019-10-06 12:20:02
8238362	fra	Je devais moissonner de l'avoine mais j'ai trouvé les pois chiches en pleine forme.	2019-10-06 19:11:11
8238764	fra	Moi aussi, je posais autrefois des pièges, mais je n'ai jamais pu attraper, ne serait-ce qu'un hanneton, ni avec une mandarine ni avec une figue.	2019-10-07 02:19:45
8238843	fra	Ces phrases-ci ne sont pas des proverbes. Ce sont des figures de style entendues chez nos Anciens.	2019-10-07 03:05:49
8238849	fra	J'allais me faire plus grand quand j'ai été devancé par mon petit-fils.	2019-10-07 03:09:24
8238858	fra	J'allais me faire plus grand quand j'ai été devancé par mon petit-fils. .	2019-10-07 03:16:06
8238859	fra	J'allais devenir plus grand quand mon petit-fils m'a doublé.	2020-01-20 02:52:01
8239174	fra	Voilà que les rêves devinrent des cauchemars.	2019-10-07 11:18:39
8239354	fra	« Le lézard ose affronter l'hydre »  c'est tout comme  « il s'en prend à trop fort pour lui. »	2019-10-07 14:02:14
8241060	fra	C'est là où j'ai fait plein de fagots que tu n'as ramassé que des brindilles.	2019-10-08 08:56:34
8241061	fra	Là où j'ai pris des fagots, tu n'as pu prendre que des brindilles.	2019-10-08 08:57:46
8241090	fra	Pourquoi vous en mêlez-vous ?	2019-10-08 09:38:23
8241300	fra	Pourquoi ne pas vous occuper de vos oignons ?	2019-10-08 14:24:17
8241615	fra	Quelqu'un disait: « J'ai croisé deux bombes plantureuses qui chuchotaient. Je n'ai rien pipé. »	2020-01-01 23:16:10
8241618	fra	Quelqu'un a dit: « J'ai rencontré deux très belles femmes en train de chuchoter. Je n'ai pipé mot. »	2020-01-01 23:17:00
8241624	fra	Quelqu'un disait: « J'ai croisé deux bombinettes lippues qui chuchotaient. Je n'ai rien capté. »	2020-01-01 23:15:10
8241856	fra	Alors, tu as le dos cassé, mon pauvre !	2019-10-08 20:49:12
8241952	fra	Faites boire de l'huile au chat qui a pris du poison, les filles; vite !	2019-10-08 22:17:43
8242022	fra	« Eh bien, Dieu merci, les œufs frais avec lesquels vous l'avez bombardé ne sont pas rouges ! Autrement, il aurait cru que vous l'aviez blessé ! »	2019-10-08 23:38:14
8242686	fra	Comment deux personnes pourraient s'entendre, quand la troisième est tordue ?	2019-10-09 10:46:27
8242691	fra	Une fois que deux protagonistes se sont expliqués, ils s'arrangent !	2019-10-09 10:50:51
8242851	fra	Si tu croises celles qui disent "Donnez à boire de l'huile au chat", dis-leur de t'en enduire le bassin avec environ sept cuillerées, afin que tu puisses te lever pour aller travailler.	2019-10-09 13:26:36
8243872	fra	Je suis avec toi, pour appuyer tes dires.	2019-10-09 21:40:26
8243945	fra	Je n'éprouve aucune colère après ce que tu as dit.	2019-10-09 22:18:15
8243946	fra	Je ne ressens aucune colère après ce que vous avez dit.	2019-10-09 22:18:56
8243947	fra	Tes propos ne m'ont pas du tout contrarié.	2019-10-09 22:19:16
8244095	fra	J'étais énervé par ceux dont tu parles et qui travaillent pour leurs sires.	2019-10-09 23:05:16
8244096	fra	J'étais en rogne contre ceux que tu as cités et qui s'esquintent pour leurs seigneurs.	2019-10-09 23:05:56
8244125	fra	Qui sème le vent récolte la tempête, dit-on.	2019-10-09 23:20:53
8245781	fra	Toi, tu veux juste me les gonfler !	2020-01-01 10:36:16
8245783	fra	Toi, tu veux juste me mettre en rogne !	2019-10-10 22:10:29
8248198	fra	Il est gras et boursouflé ; qui ne le connaît ne peut le reconnaître.	2019-10-12 00:06:22
8248407	fra	La fauvette est un oiseau qui arrive en automne, aux labours. Notre ami l'a dit. Et il a jouté: il y en a de toutes sortes.	2019-10-12 02:35:48
8248410	fra	Les fauvettes sont des oiseaux qui arrivent en automne, aux labours. Notre ami l'a dit. Et il a ajouté: il y en a de toutes sortes.	2019-10-29 00:46:30
8254790	fra	Si on a laissé la priorité au veau et qu'on prélève très peu de colostrum, ça passe. L'homme s'oublie, hélas !	2019-10-14 20:04:16
8255177	fra	"Si l'argent n'amène pas la paix, rends-le.", a dit Jules Renard.	2019-10-14 23:45:57
8260532	fra	On ne peut recouvrir une maison avec une seule tuile.	2019-10-16 21:13:12
8260584	fra	Rien d'autre n'importe.	2019-10-16 21:22:46
8260585	fra	Le reste importe peu.	2019-10-16 21:22:51
8260618	fra	Deux montagnes et une longue plaine nous séparent, mon ami, chante Cherifa.	2019-10-16 21:26:26
8261620	fra	Les anciens disent : l'invité d'un jour est le bienvenu ; celui de deux jours pèse ; celui qui s'insinue plus que cela, fais-le-lui comprendre.	2019-10-17 09:32:38
8263541	fra	Tu as vu ce que j'ai répondu à celui d'en haut ?	2019-10-17 19:48:45
8263886	fra	J'enlevais ses puces au chien quand il aboya après moi.	2019-10-17 21:25:19
8264002	fra	Tel pays, tel peuple.	2019-10-17 22:55:14
8264007	fra	Chaque pays est à l'image de ses habitants.	2019-10-17 22:56:23
8264112	fra	Anza, ce sont les gémissements que certains entendent la nuit, dans des maisons où des personnes auraient été égorgées ou auraient subi une mort violente.	2019-10-18 00:20:46
8269273	fra	J'espère que je n'ai pas écrit de bêtises.	2019-10-20 04:09:41
8269306	fra	Du fait de la priorité indue d'un corpus proche sur le kabyle, mes phrases écrites sous le mode de détection automatique ont été attribuées à d'autres. Alléluia !	2019-10-20 04:41:47
8269313	fra	Personne ne peut toiturer une maison avec une seule tuile.	2019-10-20 04:47:15
8269442	fra	« Alors qu'une chose ne vaut rien et que tous la fuient; il suffit que je m'en approche pour qu'elle devienne plus chère, je ne sais pourquoi! »; a dit Lounès Matoub, que n'a-t-il pas dit, qu'il repose en paix !	2019-10-20 07:22:39
8276345	fra	Je suis hors de moi !	2019-10-22 23:51:46
8276389	fra	Il a montré sa grandeur tellement de fois.	2019-10-23 00:27:02
8277917	fra	Comme l'a répété un autre de nos amis, la traduction n'a pas pour objet de remplacer une langue par d'autres. Elle va, au contraire, l'aider à s'insérer dans le domaine scientifique pour la valoriser, encore et encore. Nous devrions ouvrir les yeux: il y a une différence énorme entre une langue traduite, susceptible d'être adoptée et une langue orpheline dont une simple diffusion la briderait, même si ce n'était pas en première intention.	2019-10-23 14:28:37
8281132	fra	Tu es un vrai poète !	2019-10-24 16:30:32
8288241	fra	Je suis fou !	2019-10-27 17:11:03
8294608	fra	Voyez jusqu’où sont parvenus ceux qui veulent aboutir !	2019-10-31 01:28:05
8294618	fra	Je n'y comprends que dalle !	2019-10-31 01:35:23
8298609	fra	Heureusement que la main connaît la bouche ! Autrement, c'est fichu !	2019-11-01 18:44:31
8298806	fra	Tout ce qui peut alléger un fardeau est une bonne chose.	2019-11-01 21:30:06
8299231	fra	Ô mon dieu, je souffre et je suis mal en point.	2019-11-02 12:33:28
8300279	fra	Il rapine avec le chacal et pleure avec le berger.	2019-11-03 14:52:34
8303033	fra	Seule la poésie dure pour toujours.	2019-11-04 22:50:53
8303034	fra	Seule la poésie est éternelle.	2019-11-04 22:51:10
8303051	fra	Il est allé la voir alors qu'elle vivait à Londres.	2019-11-04 23:01:11
8303053	fra	Il est allé la voir lorsqu'elle vivait à Londres.	2019-11-04 23:09:25
8303058	fra	Il est allé la voir pendant qu'elle vivait à Londres.	2019-11-04 23:07:28
8303068	fra	Nous devons apprendre à séparer le bon grain de l'ivraie.	2019-11-04 23:17:46
8303081	fra	Je vais prendre le plus cher.	2019-11-04 23:33:51
8303087	fra	Je vais prendre la plus chère.	2019-11-04 23:38:44
8303101	fra	Ils ont besoin de vacances.	2019-11-04 23:45:45
8303102	fra	Elles ont besoin de vacances.	2019-11-04 23:46:16
8305260	fra	La connexion est misérable, aujourd'hui !	2019-11-05 23:21:27
8305328	fra	Et moi qui me mêle de tout ! Ils vont tout de suite me dire: mange ton casse-croûte et tais toi. Mais, il n'est nulle  question de pain, ici ! Juste, de la gloire.	2019-11-06 01:16:36
8306898	fra	Il allait s'enfuir mais il avait paumé ses chaussures !	2019-11-06 19:21:24
8306899	fra	Il allait s'enfuir mais il avait oublié ses chaussures !	2019-11-06 19:22:06
8307429	fra	En matière de comportement, la retenue tranche mieux que le fil de l'épée.	2019-11-06 23:13:26
8307444	fra	La retenue tranche mieux que l'épée.	2019-11-06 23:25:18
8307481	fra	Tant qu'ils n'éclatent pas, on est bien!	2019-11-06 23:52:28
8308010	fra	Quand quelqu'un t'ignore, ne le dérange pas.	2020-01-01 10:28:47
8308012	fra	Quand quelqu'un t'ignore, ne l'ennuie pas.	2019-11-07 10:04:08
8308033	fra	Quand quelqu'un t'ignore, oublie-le.	2019-11-07 10:13:42
8308080	fra	Tu sais ? Les toponymes que je viens de donner sont ceux de lieux-dits du village Djemaa-Saharidj.	2019-11-07 10:38:21
8308081	fra	Les toponymes que je viens de donner sont ceux de lieux-dits du village Djemaa-Saharidj.	2019-11-07 10:38:45
8309239	fra	Alors ? Ces traductions sont-elles correctes ? À dire vrai, je les ai d'abord écrites en français, ensuite traduites en kabyle et c'est après que j'ai fait la traduction en anglais.	2019-11-09 17:44:18
8311586	fra	Êtes-vous jumeaux ?	2019-11-09 00:35:23
8311604	fra	N'ayez pas peur d'être vous-même.	2019-11-09 00:39:21
8311605	fra	N'aie pas peur d'être toi-même.	2019-11-09 00:39:38
8311616	fra	Ne te laisse pas provoquer.	2019-11-09 00:42:07
8311635	fra	Va de l’avant.	2019-11-09 00:46:13
8311657	fra	M'as-tu jamais aimé ?	2019-11-09 00:51:59
8311659	fra	M'as-tu aimé un jour ?	2019-11-09 00:52:18
8311679	fra	Depuis combien de temps avez-vous fumé ?	2019-11-16 09:31:15
8311698	fra	Je ne gagne pas beaucoup.	2019-11-09 01:02:07
8313483	fra	Il y en a marre de ceux qui écrivent ce qui leur passe par la tête.	2019-11-09 23:50:37
8313484	fra	C'en est assez de ceux qui écrivent ce qui leur passe par la tête.	2019-11-09 23:50:48
8313524	fra	Mon père ne la connaissait pas.	2019-11-10 01:09:14
8313536	fra	Il y a des gens que rien dans la vie ne retient.	2019-11-10 01:15:41
8313560	fra	Février est le mois le plus court.	2019-11-10 01:34:12
8313565	fra	Il n'a pas pipé un mot.	2019-11-10 01:43:20
8313566	fra	Il n'a pas dit un seul mot.	2019-11-10 01:43:32
8313576	fra	Ne le crois pas, quoi qu’il dise.	2019-11-10 01:52:13
8313583	fra	Il se trouve que j'étais dans sa chambre.	2019-11-10 02:00:03
8313592	fra	Je prendrai les plus chères.	2019-11-10 02:06:45
8313599	fra	Nos yeux devraient se rencontrer lorsque nous nous serrons la main.	2019-11-10 02:12:10
8313605	fra	Il va me tuer.	2019-11-10 02:21:13
8313610	fra	Les groseilles rouges, malgré ce que leur couleur pourrait indiquer, ne sont pas toxiques.	2019-11-10 02:26:53
8313620	fra	Tu as pris son cœur.	2019-11-10 02:38:42
8313624	fra	Tu as conquis son cœur.	2019-11-10 02:43:16
8317075	fra	Embrassez à bouche que veux-tu.	2019-11-11 16:40:44
8317097	fra	Embrassez à gogo.	2019-11-11 16:40:15
8317098	fra	Embrassez jusqu'à plus soif.	2019-11-11 16:43:12
8317099	fra	Embrassez à la volée.	2019-11-11 16:44:45
8317850	fra	Embrassez qui vous voulez !	2019-11-11 16:51:11
8318193	fra	Vous boufferez votre tête avec votre (propre) bouche !	2019-11-11 18:35:14
8326138	fra	Devinette, énigme: J'ai visé mes talons et j'ai touché mon nez. Qu'est-ce ? alors donc ? (tep, pet).	2019-11-16 02:50:19
8326141	fra	Vous allez me laisser tranquille, ou je vais dire une énormité !	2019-11-16 02:55:59
8326143	fra	Je cède volontiers le grain à la hase et je renonce même à la paille.	2019-11-16 03:04:15
8329101	fra	Un jeune homme alla chez les parents de sa copine. À son retour, il ramena la fille. Sa mère, souriante, lui dit : « C'est pour bientôt, alors, les noces? » « Maman, dès que j'ai goûté la galette au miel, j'ai dit oui! ». « Réjouissons-nous, alors... », dit la mère. « C'est ton père qui va être content, oh que oui ! »	2019-11-26 19:23:52
8330524	fra	L'anglais américain a maintenant devancé l'anglais car l'américain a été enrichi par les apports des locuteurs d'autres langues, qui ont rehaussé sa valeur.	2019-11-18 11:26:09
8332232	fra	Celui qui ne laboure ni ne moissonne mange ce qu'il trouve, et prend même un coup de bâton entre les côtes.	2019-11-19 01:55:02
8332254	fra	Nul ne peut dire s'ils comprennent ou pas; leurs cœurs sont irrémédiablement durs.	2019-11-19 02:10:53
8332287	fra	Je cède mon champ de blé à la hase.	2019-11-19 02:35:25
8335970	fra	Le drapeau berbère a une bande supérieure de couleur bleue comme la mer Méditerranée, puis une bande verte comme les plaines de Tamazgha, enfin une bande jaune représentant le désert. Sur ces bandes est apposée la lettre Aza (yaz) ⵥ, symbolisant le tifinagh, écriture ancienne des Imazighen, de couleur rouge, comme le sang et la liberté.	2019-11-24 08:55:26
8345934	fra	Un esclave reste un esclave.	2019-11-25 19:34:19
8346475	fra	Il grince tout le temps comme une porte rouillée.	2019-11-26 03:38:30
8347103	fra	Je suis très malade aujourd'hui.	2019-11-26 12:58:26
8353096	fra	Ttarran iman-nsen d iɛeẓẓugen.	2019-11-28 22:17:05
8353099	fra	Ttarrant iman-nsent d tiɛeẓẓugin.	2019-11-28 22:17:49
8353156	fra	Ceux qui ont voté ont trahi leur pays.	2019-11-28 23:09:44
8353157	fra	Celles qui ont voté ont trahi leur pays.	2019-11-28 23:10:11
8356798	fra	Il l’a sauvé au péril de sa vie.	2019-11-30 17:54:39
8356974	fra	De cette façon, nous faisons d'une pierre deux coups.	2019-11-30 19:40:02
8357036	fra	Ce serait mieux si vous alliez vous coucher immédiatement.	2019-11-30 19:45:09
8357329	fra	Vous devriez aller vous coucher immédiatement.	2019-11-30 20:50:23
8357352	fra	Rien n'est plus important que la compassion.	2019-11-30 21:00:23
8357369	fra	Où devrait-on aller? Que suggérez-vous?	2019-11-30 21:07:47
8357377	fra	Il lui a rendu visite alors qu'elle vivait à Londres.	2019-11-30 21:13:09
8357405	fra	Il n'y a jamais touché.	2019-11-30 21:28:17
8357468	fra	Chez nous, la coutume veut que chacun lave sa propre vaisselle.	2019-11-30 21:42:27
8357484	fra	Je pense qu'il est devenu fou.	2019-11-30 21:46:32
8359456	fra	Je pensais juste que tu t'ennuyais.	2019-12-01 21:14:37
8359461	fra	J’aime l’argent.	2019-12-01 21:18:20
8372701	fra	Je suis en grève du huit au douze décembre.	2019-12-08 20:01:46
8388282	fra	Nous avons gardé une expression qui dit « Il a vendu un jardin florissant pour une vieille parcelle.»	2019-12-17 22:21:15
8433411	fra	Je te souhaite une année de paix et de bonheur.	2020-01-07 00:09:00
8433413	fra	Je vous souhaite une année de paix et de bonheur.	2020-01-07 00:09:29
8433421	fra	Je lui souhaite une année de paix et de bonheur.	2020-01-07 00:15:49
8437768	fra	Que veux-tu me dire?	2020-01-09 04:47:04
8437770	fra	Qu'est-ce que tu veux me dire?	2020-01-09 04:47:25
8437771	fra	Que voulez-vous me dire?	2020-01-09 04:48:46
8438658	fra	Celui qui ne fauche ni ne moissonne mange ce qu'il trouve.	2020-01-09 14:20:28
8450396	fra	On a toujours besoin des autres même si on est en adéquation avec soi-même me. Le doute ! On dit aussi, mieux avoir tort ensemble que d'avoir raison tout seul.	2020-01-14 14:22:35
8459120	fra	« Je crains la pluie » dit la pierre. « Que dirais-je, moi ! » répliqua la motte de terre.	2020-01-17 02:49:23
8475197	fra	J'allais devenir plus grand quand mon petit-fils m'a devancé.	2020-01-22 00:26:03
8475202	fra	J'allais devenir plus grand quand mon petit-fils me devança.	2020-01-22 00:31:54
8488049	fra	S'il était encore en vie, il aurait fait prospérer la maison.	2020-01-25 11:19:33
8488050	fra	S'il était encore de ce monde, sa lignée serait prospère.	2020-01-25 11:20:17
8488051	fra	S'il était encore de ce monde, il aurait fait prospérer sa lignée.	2020-01-25 11:20:52
8494963	fra	Que Dieu fasse de vous comme les tuiles dont chacune couvre l'autre.	2020-01-27 19:26:01
8494969	fra	Que Dieu fasse de vous comme les tuiles: chacune recouvre l'autre.	2020-01-27 19:26:32
8494978	fra	Que Dieu fasse que chacun de vous couvre l'autre, comme les tuiles.	2020-01-27 19:30:36
8495802	fra	Franz Kafka a dit, dans « Le temps perdu » (ou peut-être, oralement,  Woody Allen):  « L'éternité, c'est long...surtout vers la fin. »	2020-01-28 04:51:46
8496334	fra	Marmelade, quand tu nous tiens !	2020-01-28 11:10:50
8499643	fra	Ses amis lui ont fait changer d'avis.	2020-01-30 07:34:02
8503737	fra	Dans une semaine, cela fera deux mois que j'écris en position allongée ; même si c'est contraignant, la langue kabyle a encore besoin d'être travaillée. À quoi d'autre serviraient ses locuteurs, alors ?	2020-02-01 12:36:12
8511506	fra	"Qu'arrivera-t-il à notre langue kabyle?"  "Elle durera pour toujours!"	2020-02-04 13:36:40
8511510	fra	"Qu'adviendra-t-il à notre langue kabyle?"  "Elle va durer éternellement!"	2020-02-04 13:37:14
8511637	fra	"Qu'arrivera-t-il à notre langue kabyle?" "Elle durera pour toujours!"	2020-02-04 14:08:30
8577448	fra	Tant va la cruche à l'eau, qu'à la fin elle se casse.	2020-02-25 20:31:38
8577449	fra	Tant va la cruche à l'eau, qu'à la fin elle se brise.	2020-02-25 20:31:47
8579564	fra	Le jour, ils se regardent; la nuit, ils se serrent. Qu'est-ce ça pourrait bien être ? Ce sont les battants de la porte.	2020-02-26 22:00:46
8583968	fra	Personne ne mérite ses tourments.	2020-02-28 23:01:19
8584052	fra	Qui veut voyager loin déménage sa tonsure en ménageant sa monture.	2020-02-28 23:29:49
8584065	fra	Qui veut voyager loin déménage sa carcasse en ménageant sa monture.	2020-02-28 23:41:16
8584093	fra	Quand elle baratte le lait, la mère kabyle entonne la berceuse qui dit: « “Gouchla gechoula”, mon bébé ira à la fontaine, y trouvera une omellette, et ne la donnera à personne, d'autre que sa maman chérie. »	2020-02-29 00:23:31
8629616	fra	Comment as-tu eu cette cicatrice sur la joue?	2020-03-24 00:15:53
8631285	fra	Je me promène dans le noir.	2020-03-24 16:53:47
8631318	fra	Ne lape pas quand tu manges de la soupe.	2020-03-24 17:20:29
8631320	fra	Ne lampe pas quand tu manges de la soupe.	2020-03-24 17:20:56
8631321	fra	Ne fais pas de bruit quand tu prends ta soupe.	2020-03-24 17:21:09
8631357	fra	J’ai fini par te rattraper.	2020-03-24 17:45:23
8631361	fra	Je me ballade dans le noir.	2020-03-24 17:50:45
8631379	fra	Son regard erra dans l'auditorium.	2020-03-24 18:39:16
8631654	fra	Au hasard, Balthazar !	2020-03-24 22:30:19
8631669	fra	Ceux qui gaspillent l'eau ne sont pas ceux qui la ramènent.	2020-03-24 22:35:49
8631672	fra	Ce ne sont pas ceux qui ramènent l'eau qui la gaspillent.	2020-03-24 22:37:08
8631673	fra	Ce ne sont pas ceux qui rapportent l'eau qui la gaspillent.	2020-03-24 22:37:14
8631674	fra	Ce ne sont pas les porteurs d'eau qui la gaspillent.	2020-03-24 22:37:34
8631705	fra	Il lui a fait écouter son cérumen.	2020-03-24 22:54:51
8631706	fra	Il lui a passé un savon.	2020-03-24 22:55:05
8631707	fra	Il lui a conté fleurette.	2020-03-24 22:55:10
8632549	fra	Les hirondelles sont des oiseaux migrateurs qui arrivent en automne.	2020-03-25 09:42:22
8633350	fra	Bienheureux, ceux qui reviennent.	2020-03-25 17:10:34
8635922	fra	Quand les guêpiers se regroupent et vont et viennent avant de migrer, c'est sûrement pour s'assurer qu'ils n'oublient aucun des leurs.	2020-03-26 11:07:52
8638774	fra	On ne nous dit pas tout.	2020-03-27 18:36:59
8638775	fra	Ils ne nous disent pas tout.	2020-03-27 18:37:06
8638859	fra	Reste donc où tu es jusqu'à ce que l'affaire soit réglée.	2020-03-27 19:02:18
8639069	fra	Ceci est à propos de l'épervier et des autres oiseaux. Peut-être danse-t-il mieux qu'eux, surtout quand il fuse sur les étourneaux ! Quant au chant, les autres oiseaux est bien meilleur, malgré qu'il s'en vante.	2020-03-27 20:28:10
8642026	fra	Tous ceux à qui j'ai fait une dédicace du roman-récit que j'ai fini d'écrire en 2000 (il a donc vingt ans au moins) me disent:" Ben mon ami, si tu t'étais intéressé à l'écriture, tu aurais pu être un bon écrivain !" Dune part, ils me rappellent mon infortune ou me félicitent, à moins que ce soit autre chose ! du sarcasme, peut-être ? Punaise ! Pauvre de moi !	2020-03-28 22:50:52
8643417	fra	En inversant la tendance, vous êtes sur la prochaine vague.	2020-03-29 12:44:39
8646840	fra	J’aime vraiment le soleil.	2020-03-30 18:09:52
8646846	fra	Les insectes sont attirés par la lumière.	2020-03-30 18:14:49
8646850	fra	Le jeu a duré trop longtemps.	2020-03-30 18:17:53
8646856	fra	Je ne sais pas si accepter était la bonne chose à faire pour moi.	2020-03-30 18:22:52
8646862	fra	Je ne sais pas si j'ai fait la bonne chose en acceptant.	2020-03-30 18:26:13
8647141	fra	Vendredi soir était incroyable.	2020-03-30 22:03:00
8647152	fra	La mort est préférable à la honte.	2020-03-30 22:06:56
8647156	fra	Mieux vaut la mort que le déshonneur.	2020-03-30 22:07:32
8647159	fra	Plutôt la mort que le déshonneur.	2020-03-30 22:07:42
8647166	fra	La lune brille toujours.	2020-03-30 22:11:37
8647179	fra	La lune brille déjà.	2020-03-30 22:15:05
8647191	fra	Heureux ceux qui ont une mauvaise mémoire.	2020-03-30 22:20:11
8647192	fra	Bienheureux ceux qui oublient.	2020-03-30 22:20:26
8648262	fra	"Je vous envie de toujours trouver quoi dire ! Moi, je suis vidé ! Le couvercle de mon cerveau s'est refermé, pour de vrai !", dit l'un. Un deuxième lui rétorque: "Tu n'as qu'à écrire sur le Coronavirus." L'autre lui dit:"Il faut d'abord que je sache ce que c'est !"	2020-03-31 16:46:14
8648528	fra	Je n'aime vraiment pas le poulet.	2020-03-31 20:01:28
8648667	fra	En quoi dis-tu que c'est un artiste?	2020-03-31 20:53:39
8648670	fra	Comment dis-tu alors, c'est un artiste?	2020-03-31 20:53:56
8648686	fra	Elle refuse de le croire.	2020-03-31 20:58:47
8648694	fra	Il refuse de la croire.	2020-03-31 21:01:53
8648708	fra	Qu'est-ce que tu aimes? Qu'est-ce que tu n'aimes pas?	2020-03-31 21:05:55
8648926	fra	Nous avons élaboré un plan d'activités.	2020-03-31 22:02:53
8648967	fra	J’ai corrigé la phrase.	2020-03-31 22:07:31
8661478	fra	Il n'y a pas de rumeur sans fondement.	2020-04-06 17:39:16
8661587	fra	Eh bien, il est heureux que grâce à notre anniversaire, j'ai pu apprendre les mots "avance, par avance".	2020-04-06 17:57:30
8662781	fra	Je l'ai entendu divaguer, aucun mot n'allant avec l'autre.	2020-04-07 12:22:05
8662782	fra	Je l'ai entendu délirer, aucun mot n'allant avec l'autre.	2020-04-07 12:22:19
8665375	fra	L'artiste Jean-Louis Aubert a apparemment raison de dire: « Si vous avez de la joie en vous, vous attrapez plus facilement le bonheur. » Ainsi, en toutes circonstances, le bienheureux ne sera jamais complètement abattu ; il gardera toujours un peu de verve. C'est ce qu'on pourrait appeler la résilience.	2020-04-08 19:54:39
8665479	fra	Où que l'on se trouve, c'est la catastrophe ! Nous ne pourrons jamais oublier cette calamité ! Si on y survit !	2020-04-08 21:07:59
8665662	fra	Il faut faire coulisser le manche du pic quand vous piochez; il ne faut surtout pas le retenir !	2020-04-08 22:52:45
8667599	fra	Ne mâche pas des deux côtés des mâchoires à la fois.	2020-04-09 21:38:11
8667605	fra	Ne cours pas deux lièvres à la fois.	2020-04-09 21:39:09
8667607	fra	Ne sois pas au four et au moulin.	2020-04-09 21:39:34
8667738	fra	Les divagations sont des propos incohérents de quelqu'un qui est malade ou deprimé, qu'il marmonne alors qu'il est tout éveillé.	2020-04-09 22:44:44
8669786	fra	J'ai soif de tes paroles.	2020-04-10 18:20:09
8669787	fra	J'ai soif de vos paroles.	2020-04-10 18:20:20
8671878	fra	J'ai hâte de t'entendre.	2020-04-11 17:30:03
8672602	fra	Traînez des savates le temps de trouver des chaussures.	2020-04-11 22:10:00
8691426	fra	La barbe se fiche de nous. Elle foisonne exprès pour nous rappeler notre déprime, au moment où on en a de trop.	2020-04-18 20:13:51
8691535	fra	Quoi qu'il en soit, la chauve-souris qui serait à l'origine du virus CoVid19, nous aura sidérés, puisque personne ne s'y attendait.	2020-04-18 21:03:32
8696081	fra	Je l'ai déjà écrit en kabyle sur Tatoeba ; cela fait même longtemps.	2020-04-20 12:52:52
8696111	fra	Si longue sera la nuit, le jour finira bien par se lever.	2020-04-20 13:00:37
8696113	fra	Quelle que soit la durée de la nuit, le soleil finit toujours par se lever.	2020-04-20 13:00:45
8696126	fra	« Si longue sera la nuit, le jour finira bien par se lever. », dit un proverbe kabyle.	2020-04-20 13:06:33
8696127	fra	« Aussi longue la nuit sera-t-elle, le jour finira bien par se lever. », dit un proverbe kabyle.	2020-04-20 13:06:43
8704818	fra	Ça nous apprendra ! « Il n'y a pas pire leçon que la panique ! » dirait l'autre.	2020-04-23 15:41:37
8711936	fra	Avez-vous déjà mangé une chauve-souris?	2020-04-24 21:08:12
8712163	fra	Avez-vous mangé un jour une chauve-souris ?	2020-04-24 21:18:36
8715473	fra	« Le froid ne pourra pas nous arrêter, ni l'ardeur du soleil nous décourager », a dit un de nos poètes.	2020-04-25 13:14:47
8715924	fra	Celui-ci est un vrai nigaud, pour sûr. Et c'est un président.	2020-04-25 16:08:52
8715926	fra	Celui-ci est un vrai simplet, pour sûr. Et c'est un président.	2020-04-25 16:09:12
8715927	fra	Celui-ci est un vrai nigaud. Et c'est un dirigeant.	2020-04-25 16:09:23
8715983	fra	L'érudit comprend rien que du regard.	2020-04-25 16:36:00
8715985	fra	L'instruit comprend rien qu'avec le geste.	2020-04-25 16:37:01
8715987	fra	Un signe suffit pour qu'un érudit nous comprenne.	2020-04-25 16:37:47
8715988	fra	Un signe suffit pour se faire comprendre par un érudit.	2020-04-25 16:38:22
8715990	fra	Un geste suffit pour qu'un érudit nous comprenne.	2020-04-25 16:38:59
8715991	fra	Un geste suffit pour se faire comprendre par un érudit.	2020-04-25 16:39:12
8716884	fra	J'habite au village français de Scheibenhard; je veux acheter du pain à Scheibenhardt, du côté allemand, mais le Covid m'en empêche: alors, je suis triste.	2020-04-26 19:12:43
8716924	fra	Que voici le montagnard, qui jamais ne gouvernera, fût-il instruit et compétent.	2020-04-25 21:46:52
8716943	fra	Un geste suffit pour questionner l'érudit.	2020-04-25 22:03:44
8716952	fra	Un signe suffit pour questionner l'érudit.	2020-04-25 22:07:31
8716966	fra	On n'a pas besoin d'expliquer à un sage ce qu'on attend de lui.	2020-04-25 22:16:51
8716968	fra	On n'a pas besoin d'expliquer à un érudit ce qu'on attend de lui.	2020-04-25 22:17:49
8716971	fra	À l'homme averti, un geste suffit.	2020-04-25 22:20:00
8716972	fra	Pas de long discours pour l'homme averti.	2020-04-25 22:20:11
8719522	fra	Quoi qu'il en soit, la chauve-souris qui serait à l'origine du virus CoVid19, nous aura laissés sans voix, puisque personne ne s'y attendait.	2020-04-26 22:04:11
8719722	fra	Ceci est la fable de la chèvre disant au chacal: « Même quand je broute, je te surveille ! »	2020-04-27 03:11:51
8719723	fra	Ceci est la fable de la chèvre disant au chacal: « Même quand je broute, je veille ! »	2020-04-27 03:12:01
8721060	fra	Ne t'inquiète pas, penses-y !	2020-04-27 14:12:33
8721062	fra	Enlève l'épine, laisse l'écharde !	2020-04-27 16:08:16
8721064	fra	Enlève l'écharde, laisse l'épine !	2020-04-27 14:12:59
8721066	fra	Oublie l'angoisse, pense aux soucis !	2020-04-27 14:14:07
8721068	fra	Ne t'en fais pas mais penses-y !	2020-04-27 14:14:26
8721069	fra	Ne t'en fais pas mais interroge la gourde !	2020-04-27 14:14:36
8721070	fra	Surveille tout en broutant !	2020-04-27 14:16:15
8721386	fra	Ne t'inquiète pas mais fais-toi des soucis !	2020-04-27 16:09:01
8721542	fra	Heureusement que je ne suis pas sorti: il y une de ces averses !	2020-04-27 17:54:25
8721753	fra	The monkey loves the one who strangles him. He will be in a lot of trouble later! His day will come!	2020-04-27 20:00:26
8721756	fra	Le singe aime celui qui l'étrangle. Il ne perd rien pour attendre ! Son jour viendra !	2020-04-27 19:53:20
8722323	fra	Le singe aime celui qui l'étrangle.	2020-04-27 23:48:59
8722324	fra	Il ne perd rien pour attendre ! Son jour viendra !	2020-04-27 23:51:13
8723647	fra	Un piètre fusil, le voici: canon court, gâchette énorme.	2020-04-28 17:38:45
8723915	fra	Quand je reviendrai au pays [qui sait si ce virus nous laissera un répit ou nous assaillira encore], rappelle-toi de continuer ma traduction en kabyle, du texte français que j'ai déjà écrit sur le couscous; et que j'ai intitulé "Awer ifuṛ, awer yeṛdem". Nul doute que j'utiliserai ton texte lexical à bon escient pour que chaque kabyle, femme et homme, en soit fier. Alors, s'il te plaît, n'oublie pas !	2020-04-28 18:36:11
8724269	fra	Quoi qu'il advienne !	2020-04-28 20:53:28
8724270	fra	Quoi qu'il arrive !	2020-04-28 20:53:57
8728639	fra	Je suis presque debout.	2020-04-30 22:10:07
8728643	fra	Je suis pratiquement debout.	2020-04-30 22:10:57
8728671	fra	Toi, je dirais que tu veux juste me faire péter un plomb.	2020-04-30 22:49:47
8728672	fra	Toi, je crois que tu veux juste me faire griller un câble.	2020-04-30 22:49:57
8730650	fra	Laisse pisser le mérinos.	2020-05-01 19:44:00
8730894	fra	Il a trop appuyé dessus, alors elle s'est cassée.	2020-05-01 21:37:21
8730895	fra	Il s'est tellement appuyé dessus qu'elle s'est cassée.	2020-05-01 21:37:30
8736351	fra	Si je retourne manger chez eux, que le diable m'emporte.	2020-05-03 21:21:12
8736353	fra	Si je retourne manger leurs trucs indigestes, que le poison m'emporte.	2020-05-03 21:21:21
8736503	fra	Si je remange leur bouffe, que le diable m'emporte.	2020-05-03 22:34:40
8738509	fra	Je te souhaite plein d'étoiles brillantes et des fleurs à volonté.	2020-05-04 23:28:14
8738552	fra	Les mots "qeṛṛeṭ" et "qeṛṛeḍ" ont la même racine que "qeṛṛiḍ": ce sont les gelures des doigts qui peuvent provoquer jusqu'à leur amputation.	2020-05-06 16:53:49
8738587	fra	Nous souhaitons longue vie à ceux qui font vivre la langue kabyle.	2020-05-05 04:57:52
8743193	fra	Purée ! "À la tienne", alors ! Tant mieux pour ceux qui ont mangé, les autres n'ont qu'à attendre un possible prochain service !	2020-05-07 00:11:39
8743363	fra	C'est moi qui te remercie.	2020-05-07 03:18:37
8743927	fra	Warda, une fleur se fane en 3 jours de deuil, mais Yidir (ad yidir), vivra pour toujours.	2020-05-07 09:56:53
8744112	fra	Certes, la musique est un langage universel mais les paroles ne sont adressées qu'à ceux qui les comprennent, notamment les kabyles et là on a beaucoup à dire sur le texte et tenir compte surtout de sa date de naissance...	2020-05-07 10:53:53
8744910	fra	Faute de courage, il préférera rester comme il le pense pour continuer à vomir des insanités qu'on fabrique de plus en plus.	2020-05-07 14:42:20
8744916	fra	Qu"il aille tester son ADN, il sera certainement surpris du résultat.	2020-05-07 14:43:02
8745661	fra	L'un deux est un vieillard, il est maintenant grabataire.	2020-05-07 18:58:47
8746994	fra	Le chemin qui nous fera économiser le trajet est celui qu'on prend directement.	2020-05-08 16:39:17
8746996	fra	Le chemin qui nous économisera le voyage est celui que nous empruntons directement.	2020-05-08 16:39:42
8747985	fra	« Quelqu'un peut t'engueuler, ce n'est peut-être pas ton ennemi ; un autre peut te secourir, sans qu'il soit un ami ; quand c'est de la bouse de vache qui te recouvre, tu pourrais au moins te faire plus discret. » C'est ce qu'a dit Muḥend-U-Yeḥya (MoḥYa), qu'il repose en paix, dans l'histoire qu'il a intitulée « L'oiseau ».	2020-05-08 23:09:22
8748053	fra	Nous aurions aimé que chacun s'occupe de ses oignons, de sa religion, de ses intimes convictions, sans importuner son prochain, qui n'en veut peut-être pas. Que celui qui veut pratiquer le fasse sobrement. Mais si quelqu'un t'empêche de mâchonner ton propre chewing-gum, laisse-le alors cuire son couscous, seul.	2020-05-09 00:37:45
8749786	fra	Personne n'est épargné par le poids des années.	2020-05-09 17:28:10
8749967	fra	Un oiseau englué ne peut pas voler.	2020-05-09 18:45:37
8756335	fra	l se pourrait qu'il soit un kabyle déporté en Palestine et revenu au pays.	2020-05-12 11:25:37
8756339	fra	J'avais un collègue de travail au lycée, Syrien et d'origine kabyle, de Ruḍa (At Mlikech-Tazmalt).	2020-05-12 11:26:51
8756999	fra	Yettmettat cwiṭ cwiṭ win ur nettnadi ara ɣef laṣel-is.	2020-05-12 17:56:54
8758015	fra	« On n'a rien sans rien » dit le proverbe.	2020-05-13 01:17:57
8758016	fra	« On n'a rien sans peine » dit le proverbe.	2020-05-13 01:18:33
8760279	fra	Le fourmillement engourdit la jambe quand on reste trop longtemps sans bouger.	2020-05-13 23:20:47
8763147	fra	On ne peut pas naître religieux. On le devient.	2020-05-15 12:10:15
8763148	fra	En suivant les préceptes d'une religion à la lettre, notamment la notre, on risque fort de devenir un terroriste.	2020-05-15 12:11:39
8764258	fra	Je crois que tu es en colère !	2020-05-15 23:55:21
8764260	fra	Je crois que tu fulmines !	2020-05-15 23:56:03
8767149	fra	"Je me souviens, comme si ça datait d'hier, des sauterelles qui ont ravagé nos vignes ; d'est en ouest, elles affluaient ; notre communauté n'en pouvait plus...", a chanté Idir dans sa chanson "Cfiɣ".	2020-05-16 23:05:15
8772429	fra	Une bouche édentée ne saurait sourire.	2020-05-19 01:45:37
8773988	fra	Quand j'aurai récupéré mes nuits de sommeil perdues, je les écrirai, ces poèmes-là.	2020-05-19 16:25:24
8774016	fra	Une fois que j'aurai récupéré mes nuits de sommeil perdues, je les écrirai, ces poèmes-là.	2020-05-19 16:38:27
8780137	fra	L'agneau brouteur est celui qui commence à bien paître juste après son sevrage. En Kabylie, il est généralement appelé l'agneau de la vieille bergère, puisqu'il est docile et ne gambade pas. L'adjectif kabyle « aksas » veut dire aussi beau et blanc.	2020-05-22 03:01:46
8780144	fra	Ceci est à propos du lexique, de l'entêtement, des fèves, du corbeau et de la chèvre. Chacun pense que seules ses fèves cuisent bien. Le corbeau, pour certains, est une chèvre, même s'ils le voient s'envoler. C'est comme tu l'as dit.	2020-05-22 03:30:26
8781903	fra	Je suis ankylosé par l'inactivité. Aucune sortie, aucune issue n'est envisageable, puisque le problème demeure !	2020-05-22 20:49:40
8781958	fra	Toi, tu es comme celui qui construit une maison avec des planches de rebut.	2020-05-22 21:16:30
8786545	fra	Qu'as-tu à gagner à égaler celui que tu dépasses déjà ?	2020-05-24 11:50:08
8791228	fra	Quand la dernière goutte fait déborder le vase, la faute n'incombe pas à la goutte mais à l'eau qu'il y avait avant.	2020-05-25 19:25:30
8791248	fra	ll suffit d'entamer une lecture et au fur et à mesure on sépare le bon grain de l'ivraie.	2020-05-26 18:55:58
8791432	fra	Attends voir, cet enfant est sur le point de se salir.	2020-05-25 20:04:03
8791434	fra	Attends voir, cet enfant est sur le point de se souiller.	2020-05-25 20:04:09
8791824	fra	Le nom latin "terfezia" de certains champignons pourrait provenir de "tirfas", pluriel de "tarfist". En dialecte algérien, il est aussi appelé "terfas".	2020-05-26 01:22:59
8793602	fra	Un jour que le petit rouge-gorge a dormi sur une vigne jusqu'à l'aube, au point du jour, il se retrouva empêtré et étranglé par cette vigne. Il lui dit alors: "Il ne faut jamais faire confiance à la vigne à verjus, qu'elle soit verte ou rabougrie".	2020-05-26 18:07:56
8800441	fra	Le démon est mort.	2020-05-29 01:52:19
8801066	fra	Ttwaliɣ iseggasen-iw yuysen, ttrusun d tirac deffir-i.	2020-05-29 11:44:56
8801329	fra	Si ce n'est pas elle, c'est lui qui te réveille !	2020-05-29 14:07:45
8801379	fra	Pourvu qu'on s'éveille.	2020-05-29 14:15:14
8802414	fra	« Blanchis-la ou blanchis-nous », dit l'amandier à la neige.	2020-05-29 22:06:41
8804452	fra	Elle est contaminée par un virus encore plus féroce que le Covide 19.	2020-05-30 19:44:50
8805237	fra	C'est la lumière de l'obscurité qui va nous éblouir, nous autres qui regardons la cécité comme aussi blanche qu'un agneau noir.	2020-05-30 23:13:20
8808579	fra	Ils nous tiennent la dragée haute.	2020-05-31 22:52:23
8808580	fra	Ils nous tiennent le haut du pavé.	2020-05-31 22:52:30
8808618	fra	Tom est le chef des antifa.	2020-05-31 23:24:12
8808667	fra	La vie des Noirs compte.	2020-06-01 00:40:23
8813343	fra	Espérer, c'est jouir.	2020-06-03 04:13:23
8813345	fra	Il est défendu de fumer ici.	2020-06-03 04:13:55
8813366	fra	Nous avons assez pour jusqu'à samedi.	2020-06-03 04:30:26
8819022	fra	Si vous avez lu le poème, vous en diriez plus que ça.	2020-06-05 22:26:23
8822865	fra	Le déracinement tragique d'une famille qui porte l'Algérie dans ses tripes et la Kabylie dans le sang.	2020-06-06 22:07:01
8822866	fra	Effectivement, ils étaient nulle part chez eux.	2020-06-06 22:07:30
8822868	fra	Je le confirme.	2020-06-06 22:07:47
8822958	fra	Il y a des koalas en Autriche.	2020-06-06 22:49:36
8828645	fra	Hitler détestait les Juifs.	2020-06-09 00:21:57
8828781	fra	Je déteste et j'aime.	2020-06-09 02:44:47
8830819	fra	Oui ce sont bien tes oignons qui te feront certainement pleurer si jamais tu les sacrifies.	2020-06-09 19:02:49
8831663	fra	Le judaïsme est beau.	2020-06-10 00:41:12
8833334	fra	Certains jouent les rôles principaux, mais beaucoup d'autres ne sont que des simples figurants.	2020-06-10 19:43:44
8834003	fra	Quand tu es venu, tu ne m'a pas trouvé.	2020-06-11 08:51:38
8834005	fra	Quand tu es venue, tu ne m'a pas trouvé.	2020-06-11 08:53:11
8837994	fra	Il manque l'ingrédient religieux pour compléter ce mélange explosif. La plupart des détonateurs étaient entre nos mains, nous Amazigh. C'est à petit feu qu'on se consume jusqu'à à ce qu'on devienne que souvenirs. Il était une fois Imazighen...	2020-06-13 21:27:07
8839590	fra	La poésie est une thérapie qui convient très bien à mon état de santé.	2020-06-13 13:18:49
8845380	fra	« Celui-ci est à toi, celui-là est à moi et l'autre, on le partage ». C'est ce que nous aurions dit si l'on veut faire mentir la fable kabyle du couple de grenouilles quand le mâle disait: « Celui-ci est à moi, celui-là est à moi et l'autre, on le partage », le jour où ils ont décidé de se séparer.	2020-06-15 12:49:28
8846478	fra	La vie des Palestiniens compte.	2020-06-15 18:17:01
8847690	fra	Tom parle russe.	2020-06-16 00:49:11
8850100	fra	Ce n'est pas une bibitte.	2020-06-16 21:23:21
8858111	fra	Ur iyi-d-ttazen ara lekdubat am wi akka d tasawent, deg laɛnaya-k.	2020-06-19 20:55:12
8858602	fra	Yekkat uzzal.	2020-06-19 22:21:43
8858672	fra	Parfois, c'est dans les questions, quand elles sont bien posées, qu'on trouve les réponses.	2020-06-19 22:33:58
8859361	fra	Les femmes amazigh sont vraiment belles, autant se délecter de leurs beautés.	2020-06-20 08:40:11
8865009	fra	Mon rêve est d'étudier le français à Montréal.	2020-06-22 11:28:17
8865013	fra	Mon rêve est d'étudier le yidich à Montréal.	2020-06-22 11:30:30
8871408	fra	Tu es tordue.	2020-06-24 22:04:42
8871420	fra	Vous êtes tordu.	2020-06-24 22:07:51
8871421	fra	Vous êtes tordue.	2020-06-24 22:08:05
8871423	fra	Vous êtes tordus.	2020-06-24 22:08:23
8871424	fra	Vous êtes tordues.	2020-06-24 22:08:38
8871444	fra	Vous êtes mauvaises.	2020-06-24 22:16:41
8871524	fra	Il en a ras le bol.	2020-06-24 22:31:31
8871533	fra	Il en a marre.	2020-06-24 22:32:44
8871685	fra	Marie a la gueule de bois, n'est-ce pas ?	2020-06-24 23:28:56
8872063	fra	Il jure sur sa tête.	2020-06-25 09:08:06
8872064	fra	Il assume tout.	2020-06-25 09:09:34
8872068	fra	Il prend tout sur lui.	2020-06-25 09:11:56
8873398	fra	Tom a fait une overdose.	2020-06-25 23:22:45
8873399	fra	Il a fait une overdose.	2020-06-25 23:23:02
8874924	fra	C'est la voie à suivre. Il n'y a pas à tergiverser !	2020-06-26 22:33:10
